Title,Company,Salary,Location,Date Posted,Job URL
Management Accountant,Marks Sattin,Negotiable,"England, Greater Manchester, Oldham",N/A,https://www.gaapweb.com/job/4257472/management-accountant/
Audit Semi-Senior,Hays Accountancy and Finance,"£30000 - £40000 per annum + Competitive, DOE","England, Oxfordshire, Oxford",N/A,https://www.gaapweb.com/job/4257471/audit-semi-senior/
Group Finance Manager,Adele Carr Financial Recruitment Limited,£45000.00 - £50000.00 per annum + + £5k bonus + 33 days hol,"England, Merseyside, Liverpool",N/A,https://www.gaapweb.com/job/4257470/group-finance-manager/
Junior Finance Business Partner,SF Recruitment Limited t/a SF Group,GBP35000 - 40000 per year,Coalville,N/A,https://www.gaapweb.com/job/4257452/junior-finance-business-partner/
Accounts Assistant,AR Hine Associates,£33000 + benefits,"Shipston-on-Stour, Warwickshire",N/A,https://www.gaapweb.com/job/4257338/accounts-assistant/
Interim Internal Audit Manager,Hays Accountancy and Finance,£450.0 - £550.0 per annum + £450-550 a day,"England, London, City of London",N/A,https://www.gaapweb.com/job/4257451/interim-internal-audit-manager/
FP&A Manager,Hays Accountancy and Finance,"£55000.0 - £65000.0 per annum + £55,000 - £65,000","England, London, City of London",N/A,https://www.gaapweb.com/job/4257454/fp-and-a-manager/
Group Finance Manager,Bluetownonline Ltd,£55000 - £60000 per annum,"Scotland, Edinburgh",N/A,https://www.gaapweb.com/job/4257453/group-finance-manager/
Finance Analyst,Investigo Limited,£45000 - £50000 per annum,"England, Buckinghamshire, High Wycombe",N/A,https://www.gaapweb.com/job/4257441/finance-analyst/
Interim Financial Modeller,GRG Executive Search,Negotiable,"England, West Midlands, Wolverhampton",N/A,https://www.gaapweb.com/job/4257440/interim-financial-modeller/
Financial Reporting Assistant Manager,Hays Accountancy and Finance,Competitive salary + Full benefits package,"England, Suffolk, Ipswich",N/A,https://www.gaapweb.com/job/4257439/financial-reporting-assistant-manager/
FP&A Manager,Churchill Howard Ltd,£60000.00 - £65000 per annum,"England, Leicestershire, Leicester",N/A,https://www.gaapweb.com/job/4257437/fp-and-a-manager/
Head of Finance Systems,Hays Accountancy and Finance,£120000.0 - £140000.0 per annum,"England, London, City of London",N/A,https://www.gaapweb.com/job/4257436/head-of-finance-systems/
Accounts Assistant,Dickson O'Brien Associates Limited,"£27,000 - £28,000",Greater Manchester,N/A,https://www.gaapweb.com/job/4257435/accounts-assistant/
Group Finance Manager,Hays Accountancy and Finance,50000 - 60000,"England, Gloucestershire, Cheltenham",N/A,https://www.gaapweb.com/job/4257434/group-finance-manager/
Senior Financial Accountant,Churchill Howard Ltd,£50000.00 - £55000.00 per annum,"England, West Midlands, Coventry",N/A,https://www.gaapweb.com/job/4257433/senior-financial-accountant/
Finance Manager,Hays Accountancy and Finance,£40000.00 - £50000.00 per annum + Competitive,"England, Gloucestershire, Cheltenham",N/A,https://www.gaapweb.com/job/4257432/finance-manager/
Management Accountant,Hays Accountancy and Finance,£40000.0 - £48000.0 per annum + Competitive,Homeworking,N/A,https://www.gaapweb.com/job/4257431/management-accountant-/
Assistant Accountant,Hays Accountancy and Finance,£30000.0 - £35000.0 per annum + Competitive,"England, Herefordshire, Hereford",N/A,https://www.gaapweb.com/job/4257430/assistant-accountant/
Finance Analyst,Investigo Limited,£42000 - £45000.00 per annum,"England, Buckinghamshire, High Wycombe",N/A,https://www.gaapweb.com/job/4257429/finance-analyst/
Head of Financial Reporting,Churchill Howard Ltd,£65000.00 - £70000.00 per annum,"England, West Midlands, Birmingham",N/A,https://www.gaapweb.com/job/4257428/head-of-financial-reporting-/
Finance Manager,Hays Accountancy and Finance,£40000.00 - £50000.00 per annum + Competitive,Homeworking,N/A,https://www.gaapweb.com/job/4257427/finance-manager/
Senior Financial Accountant,Churchill Howard Ltd,£50000.00 - £55000.00 per annum,"England, West Midlands, Coventry",N/A,https://www.gaapweb.com/job/4257426/senior-financial-accountant/
Head of Fixed Assets & Lease Reporting,Churchill Howard Ltd,£65000.00 - £70000.00 per annum,"England, West Midlands, Birmingham",N/A,https://www.gaapweb.com/job/4257425/head-of-fixed-assets-and-lease-reporting/
Corporate Tax Manager or Assistant Manager,Hays Accountancy and Finance,Competitive salary + benefits package + CTA study,Homeworking,N/A,https://www.gaapweb.com/job/4257424/corporate-tax-manager-or-assistant-manager/
Personal Tax Manager,Hays Accountancy and Finance,Very competitive + benefits,Homeworking,N/A,https://www.gaapweb.com/job/4257423/personal-tax-manager/
Interim Financial Controller,ABPM Recruitment Limited,£52500 - £57500 per annum + equivalent,"England, Leicestershire, Loughborough",N/A,https://www.gaapweb.com/job/4257421/interim-financial-controller/
Chief Financial Officer,SF Recruitment Limited t/a SF Group,GBP120000 - 160000 per year benefits + equity,Nottingham,N/A,https://www.gaapweb.com/job/4257422/chief-financial-officer/
Tax Consultant - Fully Remote UK working,Gleeson Recruitment Ltd,£45000.00 - £50000.00 per annum,Homeworking,N/A,https://www.gaapweb.com/job/4257419/tax-consultant-fully-remote-uk-working/
Finance Manager,Hays Accountancy and Finance,"£45000.0 - £55000.0 per annum + £50,000 plus car allowance","England, Greater Manchester, Stockport",N/A,https://www.gaapweb.com/job/4257418/finance-manager/
Finance Manager,Hays Accountancy and Finance,£40000.00 - £50000.00 per annum + Competitive,Homeworking,N/A,https://www.gaapweb.com/job/4255770/finance-manager/
Management Accountant,Hays Accountancy and Finance,"£40000.00 - £45000.00 per annum + Study Package, up to 15 % bonus",Homeworking,N/A,https://www.gaapweb.com/job/4255452/management-accountant-/
Financial Controller,Adele Carr Financial Recruitment Limited,£65000.00 - £75000.00 per annum,"Wales, Wrexham",N/A,https://www.gaapweb.com/job/4257401/financial-controller/
Management Accountant,Hays Accountancy and Finance,£40000.00 - £45000.00 per annum,"England, Herefordshire, Ross-On-Wye",N/A,https://www.gaapweb.com/job/4257337/management-accountant/
CFO PE Backed Tech Enabled business,Marks Sattin Executive Search,"Up to £150000 per annum + equity, bonus and benefits","England, London, City of London",N/A,https://www.gaapweb.com/job/4257333/cfo-pe-backed-tech-enabled-business/
Reporting Accountant,Hays Accountancy and Finance,£70000.0 - £84000.0 per annum + £70000 - £84000,"England, London",N/A,https://www.gaapweb.com/job/4257332/reporting-accountant/
Accounts Clerk,Hays Accountancy and Finance,£25000.0 - £28000.0 per annum + Negotiable,"Wales, Carmarthenshire, Llanelli",N/A,https://www.gaapweb.com/job/4255749/accounts-clerk/
Finance Manager (Property Management),Hays Accountancy and Finance,£60000.0 - £65000.0 per annum + bens + bonus,"England, London",N/A,https://www.gaapweb.com/job/4257318/finance-manager-property-management-/
Commercial Finance Manager - Retail Industry,Hays Accountancy and Finance,"£65,000 + £5,000 car allowance","England, London, City of London",N/A,https://www.gaapweb.com/job/4256440/commercial-finance-manager-retail-industry/
Finance Business Partner,Churchill Howard Ltd,"£60000.00 - £70000.00 per annum + bonus, hybrid","England, West Midlands, Birmingham",N/A,https://www.gaapweb.com/job/4257302/finance-business-partner/
Senior Management Accountant,Hays Accountancy and Finance,£60000.0 - £65000.0 per annum + £60-65k + bonus and benefits,"England, London, City of London",N/A,https://www.gaapweb.com/job/4257301/-senior-management-accountant/
Management Accountant,Hays Accountancy and Finance,£55-60k+ discretionary bonus + benefits,"England, London, City of London",N/A,https://www.gaapweb.com/job/4256439/management-accountant/
Finance Project Manager,Hays Accountancy and Finance,"£60000.0 - £80000.0 per annum + £60-80,000 + bonus + benefits","England, London, City of London",N/A,https://www.gaapweb.com/job/4257300/finance-project-manager/
Head of Finance - Treasury and Financial Planning,Robertson Bell Ltd,"£80,000 - £85,000 per year","Stratford Westfield, Greater London",N/A,https://www.gaapweb.com/job/4255748/head-of-finance-treasury-and-financial-planning/
Finance Analyst,Hays Accountancy and Finance,"£60000.0 - £65000.0 per annum + £60-65,000","England, London, City of London",N/A,https://www.gaapweb.com/job/4257299/finance-analyst/
Management Accountant - Luxury Retail,Hays Accountancy and Finance,"£55000.0 - £65000.0 per annum + £55,000 - £65,000","England, London, City of London",N/A,https://www.gaapweb.com/job/4257298/management-accountant-luxury-retail-/
FP&A Analyst,Hays Accountancy and Finance,"£65000.0 - £75000.0 per annum + £65,000-75,000 + Bonus + Benefits","England, London, City of London",N/A,https://www.gaapweb.com/job/4257297/fp-and-a-analyst/
Finance Manager - Luxury Retail,Hays Accountancy and Finance,"£65000.0 - £75000.0 per annum + £65,000 - £75,000","England, London, City of London",N/A,https://www.gaapweb.com/job/4257296/finance-manager-luxury-retail/
Assistant Financial Accountant,Halliday Marx,£30000 - £35000 per annum,"England, London, City of London",N/A,https://www.gaapweb.com/job/4257295/assistant-financial-accountant-/
FP&A Analyst,Hays Accountancy and Finance,"£65000.0 - £75000.0 per annum + £65,000-75,000 + Bonus + Benefits","England, London, City of London",N/A,https://www.gaapweb.com/job/4256437/fp-and-a-analyst/
Finance Manager (Property Investment),Hays Accountancy and Finance,£60000.0 - £70000.0 per annum + bonus + bens,"England, London",N/A,https://www.gaapweb.com/job/4257293/finance-manager-property-investment-/
Senior Management Accountant,SF Recruitment Limited t/a SF Group,GBP50000 - 55000 per year,Stoke-on-Trent,N/A,https://www.gaapweb.com/job/4257291/senior-management-accountant/
Corporate Development Manager,LHH,£50000 - £60000 per annum + Bonus & Benefits,"England, West Midlands",N/A,https://www.gaapweb.com/job/4257292/corporate-development-manager-/
"Accounting, Insight and Advisory Manager",Hays Accountancy and Finance,£47000.0 - £57000.0 per annum + 47-57k,"England, West Yorkshire, Leeds",N/A,https://www.gaapweb.com/job/4256436/accounting-insight-and-advisory-manager/
Finance Analyst,Hays Accountancy and Finance,"£45000.0 - £55000.0 per annum + c£50,000 + bonus + 2 days WFH","England, Cheshire, Runcorn",N/A,https://www.gaapweb.com/job/4255345/finance-analyst/
Accounting and Financial Reporting Assistant Manager,Hays Accountancy and Finance,£40000.0 - £48000.0 per annum + 40-48k,"England, West Yorkshire, Leeds",N/A,https://www.gaapweb.com/job/4256435/accounting-and-financial-reporting-assistant-manager/
Transaction Services Manager,LHH,£55000 - £65000 per annum + Bonus & Benefits,"England, Greater Manchester, Manchester",N/A,https://www.gaapweb.com/job/4257277/transaction-services-manager/
Financial Controller,Hays Accountancy and Finance,"£55000.0 - £65000.0 per annum + £55,000-£65,000 per annum",Homeworking,N/A,https://www.gaapweb.com/job/4256433/financial-controller/
Senior Accountant,LHH,£38000 - £44000 per annum,"England, Cheshire, Chester",N/A,https://www.gaapweb.com/job/4257290/senior-accountant-/
Financial Accountant,Hays Accountancy and Finance,"£60000.0 - £70000.0 per annum + £70,000 + bonus","England, London",N/A,https://www.gaapweb.com/job/4257289/financial-accountant/
